MyList,Gene ID,Type,Tax ID,Homologene Gene ID,Homologene Gene Tax ID,Gene Symbol,Synonyms,Description,Biological Process (GO)
Cxcl1,14825,symbol,M. musculus,14825,M. musculus,Cxcl1,Fsp|Gro1|KC|Mgsa|N51|Scyb1|gro,chemokine (C-X-C motif) ligand 1,GO:0070953 regulation of neutrophil mediated killing of fungus;GO:0070965 positive regulation of neutrophil mediated killing of fungus;GO:0070960 positive regulation of neutrophil mediated cytotoxicity
Cxcl2,20310,symbol,M. musculus,20310,M. musculus,Cxcl2,CINC-2a|GROb|Gro2|MIP-2|MIP-2a|Mgsa-b|Mip2|Scyb|Scyb2,chemokine (C-X-C motif) ligand 2,GO:0070098 chemokine-mediated signaling pathway;GO:1990868 response to chemokine;GO:1990869 cellular response to chemokine
Cxcl3,330122,symbol,M. musculus,330122,M. musculus,Cxcl3,Dcip1|Gm1960,chemokine (C-X-C motif) ligand 3,GO:0070098 chemokine-mediated signaling pathway;GO:1990868 response to chemokine;GO:1990869 cellular response to chemokine
Cxcl4,56744,gene_synonym,M. musculus,56744,M. musculus,Pf4,Cxcl4|Scyb4,platelet factor 4,GO:0042832 defense response to protozoan;GO:0001562 response to protozoan;GO:0070098 chemokine-mediated signaling pathway
Cxcl5,20311,symbol,M. musculus,20311,M. musculus,Cxcl5,AMCF-II|Cxcl6|ENA-78|GCP-2|LIX|Scyb5|Scyb6,chemokine (C-X-C motif) ligand 5,GO:0070950 regulation of neutrophil mediated killing of bacterium;GO:0070951 regulation of neutrophil mediated killing of gram-negative bacterium;GO:0070949 regulation of neutrophil mediated killing of symbiont cell
Cxcl6,20311,gene_synonym,M. musculus,20311,M. musculus,Cxcl5,AMCF-II|Cxcl6|ENA-78|GCP-2|LIX|Scyb5|Scyb6,chemokine (C-X-C motif) ligand 5,GO:0070950 regulation of neutrophil mediated killing of bacterium;GO:0070951 regulation of neutrophil mediated killing of gram-negative bacterium;GO:0070949 regulation of neutrophil mediated killing of symbiont cell
Cxcl7,57349,gene_synonym,M. musculus,57349,M. musculus,Ppbp,2400003M24Rik|CTAP3|CTAPIII|Cxcl7|LA-PF4|LDGF|MDGF|NAP-2|NAP-2-L1|Scyb7|TGB|TGB1|THBGB1|b-TG1|beta-TG,pro-platelet basic protein,GO:0002523 leukocyte migration involved in inflammatory response;GO:0070098 chemokine-mediated signaling pathway;GO:0031640 killing of cells of another organism
Cxcl8,3576,symbol,H. sapiens,20311,M. musculus,Cxcl5,AMCF-II|Cxcl6|ENA-78|GCP-2|LIX|Scyb5|Scyb6,chemokine (C-X-C motif) ligand 5,GO:0070950 regulation of neutrophil mediated killing of bacterium;GO:0070951 regulation of neutrophil mediated killing of gram-negative bacterium;GO:0070949 regulation of neutrophil mediated killing of symbiont cell
Cxcl9,17329,symbol,M. musculus,17329,M. musculus,Cxcl9,CMK|Mig|MuMIG|Scyb9|crg-10,chemokine (C-X-C motif) ligand 9,GO:1901741 positive regulation of myoblast fusion;GO:1901739 regulation of myoblast fusion;GO:0060143 positive regulation of syncytium formation by plasma membrane fusion
Cxcl10,15945,symbol,M. musculus,15945,M. musculus,Cxcl10,C7|CRG-2|INP10|IP-10|IP10|Ifi10|Scyb10|gIP-10|mob-1,chemokine (C-X-C motif) ligand 10,GO:1901740 negative regulation of myoblast fusion;GO:1901509 regulation of endothelial tube morphogenesis;GO:0034242 negative regulation of syncytium formation by plasma membrane fusion
Cxcl11,56066,symbol,M. musculus,56066,M. musculus,Cxcl11,Cxc11|H174|I-tac|Ip9|Itac|Scyb11|Scyb9b|b-R1|betaR1,chemokine (C-X-C motif) ligand 11,GO:0070098 chemokine-mediated signaling pathway;GO:1990868 response to chemokine;GO:1990869 cellular response to chemokine
Cxcl12,20315,symbol,M. musculus,20315,M. musculus,Cxcl12,Pbsf|Scyb12|Sdf1|Tlsf|Tpar1,chemokine (C-X-C motif) ligand 12,GO:1903237 negative regulation of leukocyte tethering or rolling;GO:0048842 positive regulation of axon extension involved in axon guidance;GO:0038146 chemokine (C-X-C motif) ligand 12 signaling pathway
Cxcl13,55985,symbol,M. musculus,55985,M. musculus,Cxcl13,4631412M08Rik|ANGIE2|Angie|BCA-1|BLC|BLR1L|Scyb13,chemokine (C-X-C motif) ligand 13,GO:0035766 cell chemotaxis to fibroblast growth factor;GO:0035768 endothelial cell chemotaxis to fibroblast growth factor;GO:0035769 B cell chemotaxis across high endothelial venule
Cxcl14,57266,symbol,M. musculus,57266,M. musculus,Cxcl14,1110031L23Rik|1200006I23Rik|BMAC|BRAK|KS1|Kec|MIP-2g|MIP2gamma|NJAC|Scyb14|bolekine,chemokine (C-X-C motif) ligand 14,GO:2000503 positive regulation of natural killer cell chemotaxis;GO:2000501 regulation of natural killer cell chemotaxis;GO:0140131 positive regulation of lymphocyte chemotaxis
Cxcl15,20309,symbol,M. musculus,20309,M. musculus,Cxcl15,Il8|Scyb15|lungkine|weche,chemokine (C-X-C motif) ligand 15,GO:0070098 chemokine-mediated signaling pathway;GO:1990868 response to chemokine;GO:1990869 cellular response to chemokine
Cxcl16,66102,symbol,M. musculus,66102,M. musculus,Cxcl16,0910001K24Rik|CXCL16v1|CXCL16v2|SR-PSOX|Zmynd15|b2b498Clo,chemokine (C-X-C motif) ligand 16,GO:0010818 T cell chemotaxis;GO:0072678 T cell migration;GO:0048247 lymphocyte chemotaxis
Ccl1,20290,symbol,M. musculus,20290,M. musculus,Ccl1,I-309|P500|Scya1|Tca-3|Tca3,chemokine (C-C motif) ligand 1,GO:0048245 eosinophil chemotaxis;GO:0072677 eosinophil migration;GO:0097398 cellular response to interleukin-17
Ccl2,20296,symbol,M. musculus,20296,M. musculus,Ccl2,HC11|JE|MCAF|MCP-1|MCP1|SMC-CF|Scya2|Sigje,chemokine (C-C motif) ligand 2,GO:2000502 negative regulation of natural killer cell chemotaxis;GO:0090264 regulation of immune complex clearance by monocytes and macrophages;GO:0090265 positive regulation of immune complex clearance by monocytes and macrophages
Ccl3,20302,symbol,M. musculus,20302,M. musculus,Ccl3,G0S19-1|LD78alpha|MIP-1alpha|MIP1-alpha|Mip1a|Scya3,chemokine (C-C motif) ligand 3,GO:0043615 astrocyte cell migration;GO:0048246 macrophage chemotaxis;GO:0048245 eosinophil chemotaxis
Ccl4,20303,symbol,M. musculus,20303,M. musculus,Ccl4,AT744.1|Act-2|MIP-1B|Mip1b|Scya4,chemokine (C-C motif) ligand 4,GO:0048245 eosinophil chemotaxis;GO:0043117 positive regulation of vascular permeability;GO:0072677 eosinophil migration
Ccl5,20304,symbol,M. musculus,20304,M. musculus,Ccl5,MuRantes|RANTES|SISd|Scya5|TCP228,chemokine (C-C motif) ligand 5,"GO:0035687 T-helper 1 cell extravasation;GO:0035688 T-helper 1 cell diapedesis;GO:0035697 CD8-positive, alpha-beta T cell extravasation"
Ccl6,20305,symbol,M. musculus,20305,M. musculus,Ccl6,MRP-1|Scya6|c10,chemokine (C-C motif) ligand 6,GO:0048245 eosinophil chemotaxis;GO:0072677 eosinophil migration;GO:0002548 monocyte chemotaxis
Ccl7,20306,symbol,M. musculus,20306,M. musculus,Ccl7,MCP-3|Scya7|fic|marc|mcp3,chemokine (C-C motif) ligand 7,GO:2000503 positive regulation of natural killer cell chemotaxis;GO:2000501 regulation of natural killer cell chemotaxis;GO:0140131 positive regulation of lymphocyte chemotaxis
Ccl8,20307,symbol,M. musculus,20307,M. musculus,Ccl8,1810063B20Rik|HC14|MCP-2|Mcp2|Scya8,chemokine (C-C motif) ligand 8,GO:0044828 negative regulation by host of viral genome replication;GO:0044793 negative regulation by host of viral process;GO:1901741 positive regulation of myoblast fusion
Ccl9,20308,symbol,M. musculus,20308,M. musculus,Ccl9,CCF18|MRP-2|Scya10|Scya9,chemokine (C-C motif) ligand 9,GO:0048245 eosinophil chemotaxis;GO:0072677 eosinophil migration;GO:0045662 negative regulation of myoblast differentiation
Ccl10,,,,,,None,None,None,None
Ccl11,20292,symbol,M. musculus,20292,M. musculus,Ccl11,Scya11|eotaxin,chemokine (C-C motif) ligand 11,GO:0002551 mast cell chemotaxis;GO:0060763 mammary duct terminal end bud growth;GO:0097531 mast cell migration
Ccl12,20293,symbol,M. musculus,20293,M. musculus,Ccl12,MCP-5|Scya12,chemokine (C-C motif) ligand 12,GO:2000502 negative regulation of natural killer cell chemotaxis;GO:1901624 negative regulation of lymphocyte chemotaxis;GO:2000501 regulation of natural killer cell chemotaxis
Ccl13,6357,symbol,H. sapiens,20296,M. musculus,Ccl2,HC11|JE|MCAF|MCP-1|MCP1|SMC-CF|Scya2|Sigje,chemokine (C-C motif) ligand 2,GO:2000502 negative regulation of natural killer cell chemotaxis;GO:0090264 regulation of immune complex clearance by monocytes and macrophages;GO:0090265 positive regulation of immune complex clearance by monocytes and macrophages
Ccl14,6358,symbol,H. sapiens,20292,M. musculus,Ccl11,Scya11|eotaxin,chemokine (C-C motif) ligand 11,GO:0002551 mast cell chemotaxis;GO:0060763 mammary duct terminal end bud growth;GO:0097531 mast cell migration
Ccl15,6359,symbol,H. sapiens,20308,M. musculus,Ccl9,CCF18|MRP-2|Scya10|Scya9,chemokine (C-C motif) ligand 9,GO:0048245 eosinophil chemotaxis;GO:0072677 eosinophil migration;GO:0045662 negative regulation of myoblast differentiation
Ccl16,6360,symbol,H. sapiens,,,None,None,None,None
Ccl17,20295,symbol,M. musculus,20295,M. musculus,Ccl17,Abcd-2|Scya17|Scya17l|Tarc,chemokine (C-C motif) ligand 17,GO:0006968 cellular defense response;GO:0045662 negative regulation of myoblast differentiation;GO:0002548 monocyte chemotaxis
Ccl18,6362,symbol,H. sapiens,20292,M. musculus,Ccl11,Scya11|eotaxin,chemokine (C-C motif) ligand 11,GO:0002551 mast cell chemotaxis;GO:0060763 mammary duct terminal end bud growth;GO:0097531 mast cell migration
Ccl19,24047,symbol,M. musculus,24047,M. musculus,Ccl19,CKb11|ELC|Gm2023|MIP3B|Scya19|exodus-3,chemokine (C-C motif) ligand 19,GO:2000549 positive regulation of dendritic cell dendrite assembly;GO:2000547 regulation of dendritic cell dendrite assembly;GO:0002408 myeloid dendritic cell chemotaxis
Ccl20,20297,symbol,M. musculus,20297,M. musculus,Ccl20,CKb4|LARC|MIP-3A|MIP-3[a]|MIP3A|ST38|Scya20|exodus-1,chemokine (C-C motif) ligand 20,GO:0072679 thymocyte migration;GO:0032730 positive regulation of interleukin-1 alpha production;GO:0032650 regulation of interleukin-1 alpha production
Ccl21,6366,symbol,H. sapiens,18829,M. musculus,Ccl21a,6CKBAC2|6Ckine|ALP|CKb9|Gm1987|SCYA21a|SLC|Scya21|Scya21b|Tca4|plt,chemokine (C-C motif) ligand 21A (serine),GO:2000548 negative regulation of dendritic cell dendrite assembly;GO:0097026 dendritic cell dendrite assembly;GO:2000547 regulation of dendritic cell dendrite assembly
Ccl22,20299,symbol,M. musculus,20299,M. musculus,Ccl22,ABCD-1|DCBCK|MDC|Scya22,chemokine (C-C motif) ligand 22,GO:0048245 eosinophil chemotaxis;GO:0072677 eosinophil migration;GO:0002548 monocyte chemotaxis
Ccl23,6368,symbol,H. sapiens,20308,M. musculus,Ccl9,CCF18|MRP-2|Scya10|Scya9,chemokine (C-C motif) ligand 9,GO:0048245 eosinophil chemotaxis;GO:0072677 eosinophil migration;GO:0045662 negative regulation of myoblast differentiation
Ccl24,56221,symbol,M. musculus,56221,M. musculus,Ccl24,CKb-6|MPIF-2|Scya24,chemokine (C-C motif) ligand 24,GO:2000418 positive regulation of eosinophil migration;GO:2000416 regulation of eosinophil migration;GO:0048245 eosinophil chemotaxis
Ccl25,20300,symbol,M. musculus,20300,M. musculus,Ccl25,A130072A22Rik|CKb15|Scya25|TECK,chemokine (C-C motif) ligand 25,GO:0097534 lymphoid lineage cell migration;GO:1903237 negative regulation of leukocyte tethering or rolling;GO:1904995 negative regulation of leukocyte adhesion to vascular endothelial cell
Ccl26,541307,symbol,M. musculus,541307,M. musculus,Ccl26,Ccl26l,chemokine (C-C motif) ligand 26,GO:0010818 T cell chemotaxis;GO:0048245 eosinophil chemotaxis;GO:0072677 eosinophil migration
Ccl27,20301,gene_synonym,M. musculus,20301,M. musculus,Ccl27a,ALP|CTACK|CTAK|Ccl27|ESkine|ILC|PESKY|Scya27|Scya27a,chemokine (C-C motif) ligand 27A,GO:2000251 positive regulation of actin cytoskeleton reorganization;GO:2000249 regulation of actin cytoskeleton reorganization;GO:0031640 killing of cells of another organism
Ccl28,56838,symbol,M. musculus,56838,M. musculus,Ccl28,CCK1|MEC|Scya28,chemokine (C-C motif) ligand 28,GO:1903237 negative regulation of leukocyte tethering or rolling;GO:0051715 cytolysis in another organism;GO:1904995 negative regulation of leukocyte adhesion to vascular endothelial cell
Xcl1,16963,symbol,M. musculus,16963,M. musculus,Xcl1,ATAC|LTN|Lptn|SCM-1|SCM-1a|Scyc1,chemokine (C motif) ligand 1,GO:0035747 natural killer cell chemotaxis;GO:0035782 mature natural killer cell chemotaxis;GO:2000537 regulation of B cell chemotaxis
Xcl2,6846,symbol,H. sapiens,16963,M. musculus,Xcl1,ATAC|LTN|Lptn|SCM-1|SCM-1a|Scyc1,chemokine (C motif) ligand 1,GO:0035747 natural killer cell chemotaxis;GO:0035782 mature natural killer cell chemotaxis;GO:2000537 regulation of B cell chemotaxis
Cx3cl1,20312,symbol,M. musculus,20312,M. musculus,Cx3cl1,ABCD-3|CX3C|Cxc3|D8Bwg0439e|FK|Scyd1,chemokine (C-X3-C motif) ligand 1,GO:0051041 positive regulation of calcium-independent cell-cell adhesion;GO:0051040 regulation of calcium-independent cell-cell adhesion;GO:1900450 negative regulation of glutamate receptor signaling pathway
